Investigator,Lena and Yossi,Time (s),Electrode,Size (spikes),Duration (s)
Recording Name,50k div20 cortex plate2 after infection overnight,00000.271840,B5_13,5,0.12376
Description,after infection overnight,00000.269760,B5_12,29,0.26616
,,00000.312720,B5_44,9,0.10096
Maestro Edge Settings,,00000.289440,B5_22,12,0.13512
   Original File Time,08/27/2020 03:32:59,00000.740720,D2_34,6,0.09784
   Sampling Frequency,12.5 kHz,00002.438480,D2_21,6,0.09416
   Voltage Scale,-5.48486178148311E-08 V/sample,00003.055920,C3_24,17,0.1668
   Experiment Start Time,08/25/2020 15:32:43,00003.667200,A1_43,6,0.11136
   Referencing Method,Median,00004.508960,D3_41,5,0.02624
   Analog Mode Setting,Neural Spikes,00004.514960,D3_33,6,0.0928
   Plate Type,BioCircuit MEA 24,00004.503280,D3_24,16,0.31488
   Digital Low Pass Filter,3 kHz Kaiser Window,00004.723120,A3_34,7,0.17896
   Digital High Pass Filter,200 Hz IIR,00004.933200,D3_24,11,0.31048
   Temperature Set Point,37.0 Degrees C,00005.535440,D2_21,7,0.16816
   Current Temperature,37.0 Degrees C,00006.149440,D3_24,6,0.18048
   Heater Power,On,00006.641520,B3_22,5,0.11232
   Barcode Plate Type,TwentyFourWellCircuit,00006.734560,A5_24,5,0.14488
   Plate Serial Number,66-1901,00007.125520,A1_44,5,0.25032
   CO2 Conc. Set Point,5.0 %,00010.239680,D2_21,5,0.0192
   Actual CO2 Conc.,5.2 %,00010.480160,B5_12,16,0.16328
   Gas Mixer Status,Regulating,00010.472720,B5_42,5,0.07704
   AxIS Version,3.0.3.2,00010.546880,B5_44,9,0.07864
   Maestro Edge Firmware,3.0.3.2,00010.482160,B5_22,8,0.16224
   Maestro Edge BioCore Version,4B,00010.852160,B2_32,5,0.1408
,,00011.517840,C3_24,19,0.13192
AxIS Batch Process,,00011.522160,C3_43,12,0.10144
   AxIS Version,3.0.3.2,00011.505840,C3_12,8,0.16192
   File Name,o.n experimet read 18.raw,00011.571600,C3_22,6,0.10304
   Plate Type,BioCircuit MEA 24,00011.521920,C3_14,25,0.24192
   Requested File Section,0s to 10m0s,00011.843920,C2_41,15,0.18368
   Actual File Section Run,0s to 10m0s,00012.098640,D1_42,7,0.23112
   Recording Offset from File Start,0s,00012.750800,B3_22,10,0.05472
,,00012.796640,C3_43,22,0.33704
Spike Detector Settings,,00013.013440,C3_12,6,0.25968
   Method,Adaptive Threshold Crossing,00012.378000,C3_24,49,0.84624
   Threshold,6,00013.758080,D3_24,5,0.13944
   Threshold Status,Variable,00015.524000,A2_44,6,0.1148
   Threshold Crossing Only,True,00016.546080,B5_13,7,0.14992
   Pre-Spike Duration,0.84 ms,00016.565440,B5_11,5,0.21448
   Post-Spike Duration,2.16 ms,00016.525760,B5_22,12,0.1648
   Coincident Event Filter,Default (Well),00016.527040,D5_33,13,0.19112
   Coincidence Occurrence Threshold,4 Electrodes,00016.594320,D5_34,6,0.23544
   Coincidence Event Window,160 µs,00016.510480,D5_43,12,0.1728
   Allow Sample Overlap,false,00016.523600,D5_41,11,0.2204
   Spike Count Interval,1 s,00016.499120,B5_12,33,0.5632
,,00016.546800,B5_24,13,0.38624
Burst Detector Settings,,00016.560800,B5_44,36,0.37544
   Burst Detection Algorithm,Inter-Spike Interval (ISI) Threshold,00018.443600,B5_12,15,0.20392
   Maximum Inter-Spike Interval,100 ms,00018.580720,B5_44,6,0.05416
   Minimum Number of Spikes,5,00018.472160,B5_22,7,0.16736
   Enable Network Burst Detection,True,00019.512240,D2_21,6,0.20632
   Maximum Inter-Spike Interval (network bursts),100 ms,00021.108320,C3_14,6,0.1
   Minimum Number of Spikes (network bursts),50,00022.335680,A1_44,5,0.22072
   Minimum Participating Electrodes (%),35,00022.455520,A1_43,6,0.19696
   Synchrony Window,20 ms,00022.871360,B5_12,14,0.20584
,,00022.873360,B5_22,8,0.10216
,,00023.799520,D3_24,20,0.72848
,,00024.285280,B6_23,6,0.11656
,,00024.956720,A3_34,5,0.07464
,,00026.056640,D1_22,5,0.08488
,,00027.004640,A1_43,9,0.14936
,,00026.974000,A1_44,5,0.24736
,,00029.252000,B6_23,5,0.076
,,00029.579200,D5_33,14,0.19856
,,00029.558480,D5_41,12,0.20888
,,00029.936320,D3_24,6,0.25192
,,00031.271280,B3_41,5,0.17048
,,00031.164000,B3_42,19,0.37104
,,00031.277200,B3_44,11,0.44936
,,00031.691840,B5_12,5,0.03488
,,00032.028320,A1_43,7,0.15752
,,00032.028640,A1_44,6,0.16464
,,00031.028480,B3_22,88,1.30872
,,00032.669600,A3_34,8,0.16472
,,00032.959920,B3_42,11,0.30368
,,00032.442880,B3_22,68,1.1636
,,00033.978400,D2_21,6,0.08272
,,00034.496480,A1_41,11,0.05728
,,00034.406880,A1_43,12,0.37648
,,00034.405840,A1_44,10,0.31232
,,00034.656080,B2_32,8,0.18296
,,00033.777440,B3_22,31,1.11168
,,00034.883600,A3_34,23,0.41288
,,00035.005280,B3_22,10,0.47512
,,00035.520560,A1_43,9,0.33376
,,00035.565760,A1_44,6,0.28776
,,00037.934160,B3_22,5,0.14456
,,00038.182160,A1_43,8,0.18896
,,00038.180480,A1_44,6,0.18912
,,00038.725920,C3_24,6,0.06728
,,00038.622880,B3_22,14,0.24816
,,00038.696240,B5_12,18,0.18224
,,00038.753200,B5_44,10,0.06648
,,00038.704560,B5_22,8,0.1004
,,00039.696960,D2_21,6,0.22256
,,00040.115680,C5_32,7,0.09424
,,00040.372800,B3_22,17,0.14592
,,00040.395280,B6_23,6,0.13368
,,00041.265120,B3_22,17,0.20504
,,00041.679120,A1_43,10,0.1836
,,00041.678560,A1_44,5,0.17784
,,00042.047440,B3_22,14,0.23864
,,00042.376880,D1_42,5,0.06456
,,00042.859920,A1_43,8,0.18528
,,00042.859520,A1_44,5,0.18416
,,00043.059680,B3_22,12,0.20992
,,00043.650000,A3_34,5,0.09888
,,00044.275040,B3_22,14,0.16032
,,00044.410960,B5_12,23,0.20872
,,00044.497600,B5_44,15,0.11688
,,00044.451360,B5_22,9,0.11032
,,00044.313600,A6_14,6,0.18728
,,00045.509440,B3_22,6,0.20704
,,00045.774880,D2_21,8,0.18864
,,00046.568880,A1_43,8,0.15544
,,00046.603760,A4_33,13,0.19864
,,00046.771120,B3_22,10,0.16408
,,00047.037280,C5_32,6,0.24728
,,00047.090320,A4_33,7,0.43336
,,00048.535520,A1_41,6,0.0744
,,00048.554640,A1_12,6,0.08376
,,00048.361600,A1_43,15,0.4724
,,00048.360560,A1_44,8,0.32832
,,00048.488080,B3_22,12,0.20736
,,00049.414960,A1_43,16,0.28736
,,00049.397600,A1_44,9,0.26984
,,00049.947680,A3_34,7,0.17648
,,00049.893040,A3_44,5,0.20312
,,00049.730960,B5_12,10,0.28904
,,00049.799280,B5_22,8,0.2648
,,00050.521040,A1_12,5,0.15208
,,00050.450320,A1_43,14,0.246
,,00050.448880,A1_44,5,0.2216
,,00051.312960,C3_24,11,0.07208
,,00050.886400,A4_33,5,0.30728
,,00051.518800,A1_43,11,0.20152
,,00051.579920,A1_44,6,0.13192
,,00052.643600,A1_41,6,0.0476
,,00052.643120,A1_12,5,0.1132
,,00052.614480,A1_44,7,0.28304
,,00052.574480,A1_43,16,0.4056
,,00053.564400,A1_43,10,0.32512
,,00054.101360,A1_44,10,0.42664
,,00054.221280,A1_43,15,0.43856
,,00054.777520,A1_43,7,0.16112
,,00055.139200,A1_43,7,0.34768
,,00055.393120,A3_34,11,0.09032
,,00055.884560,A1_12,5,0.21016
,,00055.785360,B3_22,9,0.24872
,,00055.639440,A1_43,16,0.51384
,,00056.236400,B5_13,5,0.1548
,,00056.166480,B5_44,18,0.19552
,,00056.154320,B5_22,5,0.144
,,00056.158880,B5_12,12,0.24256
,,00056.564080,A3_34,6,0.23608
,,00056.775120,A1_43,10,0.26704
,,00056.777760,A1_44,5,0.14376
,,00057.511920,C1_42,11,0.08288
,,00057.516800,C1_21,19,0.15888
,,00057.524560,C1_11,15,0.12912
,,00057.521760,C1_22,23,0.21568
,,00057.514880,C1_23,20,0.15864
,,00057.533360,C1_43,5,0.12872
,,00057.904160,D1_22,5,0.04376
,,00057.700000,A1_43,11,0.21112
,,00058.589040,A1_43,6,0.18672
,,00059.517680,A1_43,17,0.3752
,,00059.520560,A1_44,8,0.31728
,,00060.432880,B4_31,6,0.06728
,,00060.556640,A1_43,12,0.31208
,,00060.567520,A1_44,6,0.22888
,,00060.736160,B4_23,8,0.08576
,,00060.593280,B4_43,18,0.29224
,,00060.731040,B4_44,7,0.11952
,,00060.666240,B4_31,23,0.5564
,,00061.654400,A1_44,7,0.12472
,,00061.650560,A1_43,12,0.31264
,,00061.979840,A2_44,7,0.1776
,,00062.818880,A1_43,8,0.16544
,,00062.850320,A1_44,7,0.2392
,,00063.592080,D1_22,5,0.0824
,,00064.069040,A1_43,12,0.26232
,,00064.062400,A1_44,7,0.20152
,,00064.123600,B3_22,5,0.0408
,,00064.707120,B6_23,7,0.20072
,,00065.484880,A1_43,12,0.30328
,,00065.478240,A1_44,10,0.3084
,,00066.415760,B2_32,9,0.14936
,,00066.861040,A1_12,5,0.11112
,,00066.832320,A1_43,13,0.30936
,,00066.831280,A1_44,7,0.27648
,,00068.146480,B6_23,7,0.14472
,,00068.256960,B6_21,10,0.0952
,,00068.502800,A1_12,7,0.2028
,,00068.551040,A1_43,10,0.1256
,,00068.572240,A1_44,8,0.30024
,,00068.719920,D2_21,7,0.23992
,,00068.801280,B5_12,26,0.29704
,,00068.816720,B5_22,12,0.24096
,,00068.952720,B6_24,5,0.21672
,,00068.926720,B6_23,17,0.56648
,,00069.822960,B6_23,13,0.46568
,,00070.896880,A2_44,13,0.18136
,,00071.635440,B2_32,5,0.1216
,,00072.255280,C3_22,5,0.11544
,,00072.219040,C3_14,9,0.0632
,,00072.156080,C3_24,8,0.11224
,,00071.953680,B6_23,7,0.2528
,,00073.289200,A1_41,6,0.07168
,,00073.220000,A1_12,6,0.15824
,,00073.187040,A1_43,9,0.25264
,,00074.471040,D2_21,15,0.39872
,,00074.561440,D2_31,6,0.10824
,,00074.511760,D2_23,19,0.3344
,,00074.519120,B2_32,7,0.17512
,,00074.990560,D2_21,24,0.65496
,,00075.162480,D2_23,9,0.2712
,,00074.563600,D2_34,39,0.85448
,,00076.460400,D2_34,5,0.24112
,,00078.702880,B2_32,6,0.22736
,,00079.577360,D1_42,8,0.1708
,,00079.806960,B5_12,19,0.1604
,,00079.828960,B5_44,6,0.13416
,,00079.810240,B5_22,12,0.11296
,,00080.509520,A1_41,15,0.12264
,,00080.233200,A1_43,7,0.17064
,,00081.386080,B5_12,21,0.48152
,,00081.669600,B5_13,6,0.15832
,,00082.926080,C3_14,5,0.08744
,,00082.962720,C3_24,5,0.04904
,,00083.060400,A1_43,5,0.1204
,,00083.091440,D2_21,7,0.21144
,,00082.884000,B2_32,8,0.31208
,,00082.993520,C3_22,5,0.22344
,,00083.873680,C3_22,7,0.31832
,,00084.421200,D1_22,13,0.16152
,,00084.356240,A1_43,6,0.19488
,,00084.355520,A1_44,5,0.19024
,,00084.554080,A2_44,16,0.29512
,,00085.464000,D2_21,11,0.20216
,,00085.619680,B5_12,17,0.23088
,,00085.659600,B5_22,6,0.09432
,,00085.858800,B2_32,6,0.14688
,,00088.871040,C3_24,13,0.11816
,,00090.649600,A2_44,9,0.14144
,,00091.122720,D2_21,9,0.19936
,,00091.973440,B6_23,8,0.13472
,,00093.624240,D2_23,9,0.0784
,,00094.119440,B2_32,7,0.18112
,,00094.602400,C3_24,8,0.06304
,,00095.071040,D3_24,15,0.48296
,,00095.694720,D3_24,7,0.26448
,,00096.901600,D3_24,9,0.21208
,,00097.261120,D3_24,7,0.26424
,,00099.031360,D2_21,7,0.1428
,,00100.284400,B5_44,5,0.07768
,,00100.207840,B5_22,12,0.13632
,,00100.137520,B6_23,6,0.10088
,,00100.165840,B6_21,6,0.05424
,,00100.193680,B5_12,23,0.21696
,,00101.149600,D3_24,6,0.16408
,,00101.923360,B5_12,16,0.21992
,,00101.946320,B5_13,5,0.10624
,,00101.965680,B5_44,13,0.09464
,,00101.951760,B5_22,10,0.14344
,,00103.330400,D5_33,13,0.18928
,,00103.308560,D5_43,10,0.31584
,,00103.339040,D5_41,11,0.18784
,,00103.872080,A1_43,10,0.19832
,,00103.635760,A6_24,10,0.27448
,,00104.159920,A1_41,5,0.05192
,,00105.626880,C3_24,8,0.05384
,,00107.801040,D2_21,10,0.12736
,,00108.637360,B2_32,11,0.23744
,,00112.085520,B5_12,23,0.27296
,,00112.102320,B5_13,5,0.0984
,,00112.094880,B5_42,5,0.08736
,,00112.170080,B5_44,5,0.10816
,,00112.108080,B5_22,9,0.11368
,,00112.778560,C3_14,5,0.0636
,,00112.753440,C3_24,7,0.0444
,,00112.714320,C3_43,6,0.13784
,,00112.667680,B3_22,7,0.20104
,,00113.247200,D3_24,5,0.08312
,,00113.654560,B5_12,13,0.19584
,,00113.696880,B5_22,7,0.13504
,,00113.863920,A2_44,22,0.26112
,,00116.248640,D2_21,5,0.13544
,,00117.445040,A2_44,6,0.06304
,,00117.817200,B3_22,7,0.09136
,,00118.404720,B2_32,10,0.18424
,,00118.981120,B3_41,5,0.15248
,,00119.118160,A2_44,6,0.0504
,,00118.788320,B3_42,24,0.68768
,,00118.843920,B3_22,79,0.9064
,,00120.470480,C3_24,12,0.0632
,,00120.319200,B3_22,10,0.1476
,,00120.699680,B3_22,7,0.16368
,,00121.064800,C3_14,6,0.06976
,,00121.038240,C3_24,9,0.10792
,,00121.020080,C3_43,7,0.0688
,,00121.226480,D2_21,6,0.15
,,00121.077280,C3_22,6,0.19568
,,00121.382080,D1_42,10,0.09176
,,00121.728800,A2_44,6,0.05056
,,00121.867840,B3_22,25,0.57544
,,00123.284160,A2_44,12,0.18472
,,00125.193040,B3_22,6,0.12192
,,00125.850720,A3_34,10,0.1356
,,00126.919840,B3_22,7,0.048
,,00127.022720,D5_33,5,0.1948
,,00127.007200,D5_43,6,0.22336
,,00126.971200,D5_41,18,0.30944
,,00127.987920,A1_41,12,0.15128
,,00127.885520,A1_22,5,0.1888
,,00128.164640,B5_12,19,0.1644
,,00128.169440,B5_13,5,0.1204
,,00128.156480,B5_42,7,0.13768
,,00128.172400,B5_22,10,0.15656
,,00128.465680,A1_41,16,0.38064
,,00128.513360,C3_24,7,0.13712
,,00128.758480,A1_12,6,0.22456
,,00128.925040,B3_22,11,0.25144
,,00128.477840,A1_43,35,0.93096
,,00129.248640,B2_32,5,0.17136
,,00128.535520,A1_44,25,1.15704
,,00129.646640,A2_44,12,0.212
,,00130.458480,D2_21,9,0.1172
,,00130.507520,B5_42,5,0.1036
,,00130.479760,A1_44,5,0.27456
,,00130.498560,B5_12,19,0.21168
,,00130.605680,B5_13,5,0.14768
,,00130.617680,B5_44,9,0.13336
,,00130.510560,B5_22,10,0.19936
,,00131.694080,B3_22,8,0.14168
,,00131.709680,A3_34,6,0.07192
,,00132.208400,A2_44,7,0.16776
,,00132.114960,B6_23,5,0.15632
,,00133.680720,C3_24,13,0.10712
,,00136.783680,D2_21,8,0.10136
,,00136.778400,A2_44,6,0.16528
,,00137.341280,C2_41,21,0.3084
,,00138.468800,A4_33,13,0.1928
,,00138.978320,A3_34,11,0.11312
,,00138.994160,A2_44,5,0.16656
,,00138.958080,A4_33,8,0.24992
,,00139.401840,A3_34,9,0.36584
,,00140.964640,C3_24,8,0.08912
,,00141.208400,A2_44,8,0.22448
,,00142.855280,A3_34,6,0.16296
,,00142.966000,A4_33,13,0.33776
,,00143.495760,A2_44,9,0.10656
,,00143.770240,D2_21,6,0.13784
,,00144.077040,B3_22,7,0.05648
,,00144.260640,B3_22,5,0.04592
,,00145.263600,D2_21,7,0.09176
,,00145.199600,A2_44,5,0.0628
,,00145.733760,B6_23,5,0.15768
,,00146.433760,B5_13,5,0.1448
,,00146.438080,B5_42,5,0.10432
,,00146.462720,B5_22,9,0.17952
,,00146.424880,B5_12,19,0.23576
,,00146.534320,B5_44,14,0.14912
,,00147.238000,B2_32,7,0.22848
,,00147.695840,A2_44,7,0.08696
,,00147.697360,D1_42,12,0.3532
,,00148.287280,B2_32,9,0.25568
,,00148.306720,B3_22,10,0.13496
,,00148.838320,A3_34,6,0.124
,,00148.996960,B5_13,5,0.15064
,,00149.058160,B5_44,16,0.06552
,,00148.921520,B5_12,21,0.28744
,,00148.904560,B5_22,11,0.26712
,,00149.358560,A2_44,5,0.20016
,,00149.535680,B5_12,14,0.2756
,,00149.791120,B5_44,6,0.05
,,00149.681840,A6_24,12,0.20544
,,00149.563440,B5_22,10,0.34408
,,00150.443040,D2_31,8,0.13232
,,00150.350480,B5_13,7,0.26304
,,00150.312160,B5_22,8,0.258
,,00150.490720,D2_21,13,0.19952
,,00150.445760,D2_23,15,0.20472
,,00150.264560,B5_12,26,0.51712
,,00150.450080,D2_34,26,0.79488
,,00151.065440,A2_44,7,0.12528
,,00151.063440,A3_34,6,0.19848
,,00151.658000,D2_21,16,0.23856
,,00151.620000,D2_31,5,0.06464
,,00151.735040,B3_22,5,0.11248
,,00151.946960,D2_23,7,0.13208
,,00151.649840,D2_34,26,0.62808
,,00152.207200,B2_32,7,0.25416
,,00152.666880,D2_34,8,0.42424
,,00152.905040,A2_44,5,0.09904
,,00153.004960,B5_12,5,0.12624
,,00152.981200,B5_22,5,0.0972
,,00153.033040,B2_34,5,0.16448
,,00153.453760,A3_34,9,0.16864
,,00153.887760,B2_32,7,0.1636
,,00154.960960,A2_44,13,0.16528
,,00155.436560,A3_34,10,0.07864
,,00155.746800,B6_23,5,0.12376
,,00156.145520,B3_22,8,0.1468
,,00156.315440,B5_12,11,0.17696
,,00156.328240,B5_22,8,0.16512
,,00156.549680,A2_44,5,0.1168
,,00157.996800,C3_24,6,0.04616
,,00158.311920,B5_11,6,0.23368
,,00158.480320,B5_23,7,0.14712
,,00158.420480,B5_24,13,0.19672
,,00158.459760,B5_42,6,0.15992
,,00158.227520,B5_22,22,0.652
,,00158.252000,B5_44,96,0.82024
,,00158.940880,B3_22,8,0.23232
,,00158.245760,B5_12,144,1.5248
,,00159.313440,B5_44,30,0.38464
,,00159.808000,B5_44,9,0.05256
,,00159.143840,B5_22,19,0.89168
,,00159.873440,B5_12,19,0.4452
,,00160.408240,A3_34,5,0.10672
,,00160.727200,B5_44,7,0.16304
,,00160.545840,B5_12,14,0.454
,,00161.213200,C5_32,6,0.12896
,,00161.606240,A5_24,6,0.16288
,,00161.940800,B5_11,5,0.20096
,,00161.906800,B5_22,6,0.19424
,,00162.003600,B5_23,6,0.17104
,,00162.392720,C3_22,5,0.2324
,,00162.351760,C3_14,5,0.1016
,,00161.816800,B5_12,80,0.66848
,,00161.994080,B5_44,65,0.5624
,,00163.193520,A1_41,12,0.11368
,,00163.085120,B5_12,18,0.47936
,,00164.249200,B5_12,16,0.3084
,,00166.687840,D2_23,11,0.16352
,,00167.051120,C2_41,24,0.24952
,,00167.468480,A2_44,5,0.15336
,,00168.199280,B5_42,5,0.09592
,,00168.255520,B5_44,9,0.11632
,,00168.172720,B5_22,5,0.15752
,,00168.039840,B5_12,41,0.4472
,,00169.266240,B5_12,26,0.30552
,,00169.272720,B5_22,9,0.2268
,,00169.634160,A1_43,6,0.1864
,,00169.719120,C3_24,7,0.04432
,,00169.954320,B4_31,5,0.08432
,,00169.959280,C5_32,6,0.17832
,,00170.026880,A2_44,14,0.17488
,,00170.242080,B4_23,12,0.09704
,,00170.156560,B4_43,16,0.2408
,,00170.216080,B6_23,9,0.17104
,,00170.148400,B4_31,11,0.33304
,,00170.642480,B5_12,28,0.24384
,,00170.669120,B5_22,8,0.14256
,,00172.047680,B5_22,7,0.0968
,,00171.944160,B5_12,28,0.32152
,,00172.421280,B6_23,5,0.09984
,,00172.444000,B6_21,7,0.10968
,,00172.478000,B6_41,5,0.13944
,,00173.069520,B6_23,16,0.39352
,,00174.387600,A2_44,10,0.136
,,00174.719600,B3_42,11,0.17192
,,00174.648480,B3_22,23,0.28592
,,00175.135760,B3_22,7,0.12456
,,00175.627920,C3_14,18,0.1088
,,00175.670720,C3_24,9,0.07232
,,00175.617520,C3_43,15,0.08672
,,00175.669600,B6_24,6,0.228
,,00175.798960,B3_22,7,0.15416
,,00175.614640,B6_23,17,0.35352
,,00176.505520,A1_43,5,0.0976
,,00176.504880,A1_44,6,0.14552
,,00178.675040,B3_22,9,0.22008
,,00179.338240,C1_11,14,0.05936
,,00179.278400,D2_31,5,0.11592
,,00179.294320,D2_34,5,0.06472
,,00179.001280,B3_22,15,0.19048
,,00179.331680,C1_21,20,0.11368
,,00179.342800,C1_31,6,0.08456
,,00179.326000,C1_22,17,0.19464
,,00179.338400,C1_23,16,0.12512
,,00179.341680,C1_42,17,0.17688
,,00179.272640,D2_21,23,0.29048
,,00181.500320,B5_12,34,0.38576
,,00181.544080,B5_22,9,0.17536
,,00182.668720,B1_31,15,0.10328
,,00182.664720,B1_12,11,0.09256
,,00182.676080,B1_32,6,0.09848
,,00182.648960,B1_43,25,0.20464
,,00182.667840,B1_42,8,0.06992
,,00182.767840,A2_44,10,0.10912
,,00182.401760,B3_22,15,0.27616
,,00182.642960,B1_14,84,0.87984
,,00183.657600,B1_14,5,0.14096
,,00183.755760,C3_24,14,0.09872
,,00184.153760,A5_24,5,0.17808
,,00183.910240,B1_14,14,0.726
,,00184.737040,B3_22,5,0.09256
,,00184.755520,B1_14,5,0.26864
,,00185.211120,B1_14,5,0.16424
,,00185.147280,A2_44,12,0.2544
,,00185.927920,B1_14,6,0.23928
,,00186.106480,C3_24,9,0.08184
,,00186.575200,B3_22,5,0.11976
,,00186.956240,A2_44,5,0.1836
,,00187.430240,B6_23,8,0.14128
,,00187.779440,A6_24,9,0.28296
,,00188.162480,B3_22,10,0.22648
,,00188.320560,C3_12,13,0.11048
,,00188.366720,C3_22,7,0.18256
,,00188.344960,C3_24,23,0.19592
,,00188.331280,C3_43,13,0.1408
,,00188.645120,C3_24,11,0.25328
,,00188.699200,C3_12,16,0.39352
,,00188.358560,C3_14,54,0.60216
,,00188.601360,C3_43,22,0.43808
,,00189.040000,C3_24,18,0.3052
,,00189.199920,C3_43,6,0.0176
,,00189.199280,C3_12,10,0.21616
,,00189.729120,A4_33,10,0.24816
,,00190.255680,A2_44,13,0.16808
,,00190.423280,C3_43,38,0.41104
,,00190.537120,C3_14,51,0.41432
,,00190.558960,C3_24,35,0.39864
,,00191.288160,A3_34,8,0.20864
,,00191.347680,C3_24,23,0.51984
,,00190.452000,C3_12,79,1.51432
,,00191.383360,C3_43,24,0.6036
,,00191.977840,B5_12,5,0.02824
,,00193.810480,D2_21,9,0.13968
,,00193.808240,D2_34,5,0.1048
,,00193.985920,A2_44,11,0.22488
,,00196.533200,A2_44,5,0.06032
,,00196.678400,C3_43,6,0.13248
,,00197.048800,B3_22,16,0.22216
,,00197.601440,B2_32,5,0.11368
,,00199.499840,C3_24,5,0.0452
,,00199.398240,C3_43,9,0.10432
,,00200.224160,A2_44,17,0.19912
,,00200.441280,B3_22,6,0.07528
,,00201.590880,D2_21,7,0.12456
,,00202.528960,D5_34,6,0.09352
,,00202.470000,D5_43,9,0.14984
,,00202.457840,D5_41,12,0.18256
,,00202.483440,D5_33,14,0.26624
,,00203.248960,B1_31,8,0.09792
,,00203.204160,B1_42,7,0.07728
,,00203.197360,B1_43,24,0.24968
,,00203.158560,B1_14,65,0.91096
,,00204.481360,B6_23,6,0.0868
,,00204.758160,A2_44,55,1.2096
,,00206.487680,A1_43,5,0.18616
,,00207.516880,D1_42,6,0.20944
,,00207.591120,C5_32,7,0.28616
,,00210.482640,A2_44,5,0.30584
,,00210.605840,B3_22,8,0.15688
,,00211.428880,D1_22,5,0.04744
,,00212.875520,D2_21,8,0.148
,,00214.405760,D5_33,9,0.20488
,,00214.387600,D5_34,6,0.21392
,,00214.404720,D5_43,8,0.18464
,,00214.374560,D5_41,7,0.15944
,,00214.848160,B3_22,10,0.04048
,,00215.012000,B3_22,10,0.1304
,,00215.886480,A2_44,9,0.26648
,,00216.477920,A3_34,9,0.2436
,,00221.642560,A1_43,8,0.18176
,,00221.808720,A1_41,21,0.13504
,,00221.845280,A1_12,5,0.074
,,00222.575200,C1_11,5,0.03152
,,00222.566320,C1_22,5,0.07176
,,00222.614160,C3_24,16,0.16072
,,00222.668160,C3_43,7,0.11224
,,00224.625200,A1_44,6,0.27552
,,00226.533680,A4_33,13,0.23464
,,00227.013840,B6_23,6,0.25304
,,00227.738400,A2_44,5,0.0392
,,00228.298000,A6_24,6,0.06704
,,00231.935760,A1_43,10,0.31976
,,00232.473600,D2_21,6,0.11208
,,00232.764640,A3_34,12,0.31536
,,00233.450640,D1_22,5,0.0528
,,00233.373920,A3_34,14,0.27544
,,00233.743840,C2_41,23,0.36024
,,00235.717680,B3_22,17,0.27408
,,00235.766480,B3_32,5,0.15464
,,00238.140240,B5_42,6,0.11936
,,00238.138240,B5_11,8,0.33336
,,00238.215120,B5_24,21,0.3588
,,00238.102240,B5_22,17,0.3092
,,00238.223360,B5_23,20,0.5124
,,00238.937840,B5_11,10,0.53384
,,00238.109520,B5_44,129,1.40832
,,00239.701200,B5_23,8,0.2404
,,00239.630320,B5_22,10,0.39832
,,00238.098080,B5_12,207,2.24264
,,00239.667840,B5_44,75,0.7088
,,00241.191680,B5_12,6,0.1992
,,00243.015840,D2_21,6,0.12536
,,00243.904640,B3_22,19,0.4528
,,00244.460560,A1_43,12,0.26128
,,00244.566160,A1_44,5,0.15072
,,00244.803760,A5_24,8,0.22736
,,00245.058080,B6_23,7,0.17488
,,00245.109040,B6_21,6,0.16448
,,00245.202000,B6_41,5,0.02424
,,00246.127120,B2_32,7,0.11624
,,00246.565440,B3_22,5,0.07232
,,00247.000560,B3_41,7,0.11584
,,00246.908880,B3_42,24,0.38464
,,00246.780480,B3_22,83,0.74168
,,00247.639360,A1_41,10,0.17096
,,00247.526960,A1_22,7,0.37896
,,00248.071120,A1_41,15,0.54896
,,00248.605600,A1_12,8,0.21056
,,00248.351440,A1_44,12,0.39328
,,00248.059280,A1_43,39,1.22176
,,00249.390720,A1_43,8,0.29048
,,00247.783520,B3_22,82,1.87648
,,00250.914640,C5_32,6,0.21888
,,00251.810480,A1_43,5,0.23336
,,00252.313440,B2_32,5,0.18808
,,00252.542880,C3_24,8,0.04376
,,00253.765280,B4_23,10,0.06928
,,00253.645600,B4_43,19,0.18696
,,00253.605680,B4_31,20,0.66424
,,00254.822720,B3_22,5,0.02848
,,00255.294560,C3_43,5,0.01264
,,00255.507760,A5_24,7,0.28224
,,00256.225760,B3_22,9,0.18312
,,00257.984240,B5_12,19,0.18888
,,00258.031120,B5_44,7,0.14248
,,00257.911120,B5_22,10,0.32056
,,00259.262720,B6_23,14,0.29456
,,00259.532320,B3_22,13,0.1804
,,00261.087920,D2_21,13,0.29104
,,00261.128640,D2_34,5,0.07264
,,00261.050480,B3_22,18,0.25744
,,00262.008000,A2_22,8,0.08776
,,00262.011200,A2_33,7,0.05792
,,00261.979040,A2_44,20,0.26936
,,00262.500720,D2_21,5,0.14272
,,00262.418160,A2_44,8,0.32
,,00263.050640,A2_44,10,0.364
,,00263.639840,B3_22,14,0.1836
,,00263.929200,D2_21,5,0.10744
,,00264.504640,A6_24,9,0.25864
,,00265.265440,B5_12,7,0.0768
,,00265.282000,B5_22,7,0.22968
,,00265.525120,A2_44,12,0.34504
,,00268.230480,D2_21,7,0.1764
,,00268.964080,A3_34,7,0.0488
,,00272.179680,D5_41,16,0.14904
,,00272.277200,D1_42,8,0.1544
,,00272.241120,D5_33,11,0.23568
,,00272.263680,D5_34,8,0.1508
,,00272.212960,D5_43,13,0.26984
,,00272.551120,B4_31,8,0.176
,,00273.682400,A2_44,8,0.36496
,,00275.296320,C3_12,12,0.11624
,,00275.358640,C3_22,7,0.09808
,,00275.316480,C3_14,31,0.322
,,00275.288320,C3_24,20,0.19656
,,00275.278000,C3_43,23,0.14376
,,00275.895440,C3_14,5,0.21576
,,00275.952400,B6_23,10,0.15936
,,00276.412960,C3_22,7,0.33056
,,00276.152080,C3_12,58,0.93048
,,00276.751120,C3_14,42,0.32784
,,00275.932480,C3_24,83,1.10104
,,00276.119920,C3_43,49,0.80472
,,00276.998320,A2_44,19,0.45152
,,00278.041200,D2_34,5,0.08
,,00277.592960,A2_44,12,0.42312
,,00277.719200,C3_43,12,0.19312
,,00277.972240,D2_21,8,0.19736
,,00278.128800,B3_22,21,0.25248
,,00278.143120,B3_42,10,0.22648
,,00279.722000,C3_43,6,0.05264
,,00280.629200,C3_43,6,0.09184
,,00281.902000,A3_34,6,0.17296
,,00283.164160,B2_32,10,0.16664
,,00284.133680,A3_34,5,0.15152
,,00284.655120,B3_22,12,0.09856
,,00284.595280,A5_24,6,0.15216
,,00285.784000,A2_44,9,0.16384
,,00286.745280,A1_41,6,0.06008
,,00287.156640,A4_33,11,0.23384
,,00287.518960,B2_32,7,0.1972
,,00287.571760,B6_23,5,0.08168
,,00287.735600,A4_33,5,0.188
,,00290.149600,D2_21,8,0.23136
,,00290.075120,D2_34,5,0.194
,,00290.377280,A2_44,6,0.20984
,,00290.264800,A4_33,10,0.24256
,,00292.824480,C3_24,10,0.06096
,,00293.876880,B1_31,8,0.0576
,,00293.892480,B1_12,6,0.0516
,,00293.878320,B1_34,5,0.03392
,,00293.847600,B1_43,20,0.19064
,,00293.827600,B1_42,13,0.15632
,,00294.412960,C1_11,13,0.22456
,,00294.412800,C1_22,15,0.22928
,,00294.429840,C1_23,14,0.16024
,,00294.401440,C1_42,10,0.11168
,,00294.414560,A2_44,10,0.07088
,,00294.454160,C1_21,20,0.22472
,,00293.794800,B1_14,95,1.32584
,,00297.216480,B2_32,7,0.27032
,,00297.938560,B5_12,9,0.12848
,,00298.247040,B5_13,5,0.10352
,,00298.332640,B5_23,10,0.24872
,,00298.219760,B5_22,18,0.30128
,,00298.229520,B5_12,72,0.65816
,,00298.270000,B5_11,10,0.5252
,,00298.479280,C5_32,7,0.17544
,,00298.685440,A4_33,6,0.24088
,,00298.241760,B5_24,25,0.69664
,,00298.217440,B5_44,70,0.85792
,,00298.978400,B2_11,6,0.30176
,,00298.989280,B2_34,6,0.17432
,,00299.113440,B5_13,6,0.17864
,,00299.193280,B5_22,9,0.28936
,,00299.196400,B5_44,19,0.53064
,,00298.988000,B5_12,44,1.0348
,,00300.974560,C3_14,6,0.0708
,,00300.917280,C3_24,6,0.08136
,,00300.916800,C3_43,8,0.1008
,,00301.297120,D2_21,7,0.22352
,,00301.850720,A1_41,10,0.26336
,,00301.889120,A1_22,5,0.10488
,,00302.353360,D1_42,5,0.1068
,,00302.417920,A1_41,21,0.46136
,,00302.612880,D3_41,7,0.0672
,,00302.500080,A1_44,16,0.62392
,,00302.576320,D3_24,17,0.54928
,,00302.384000,A1_43,34,1.0832
,,00303.258640,A1_44,7,0.39912
,,00303.646000,A1_43,7,0.28328
,,00304.009760,B6_23,12,0.25544
,,00304.904160,B5_12,46,0.4076
,,00304.969280,B5_44,19,0.29984
,,00304.968320,B5_22,11,0.198
,,00306.632320,A2_44,6,0.17792
,,00307.237760,D2_21,6,0.11888
,,00308.331440,C1_21,8,0.0936
,,00308.319680,C1_11,7,0.0928
,,00308.369280,C1_22,5,0.12432
,,00308.324320,C1_23,6,0.0964
,,00308.332480,C1_42,10,0.136
,,00309.164880,D3_24,5,0.08952
,,00311.528640,B1_14,10,0.24168
,,00311.686000,D2_31,11,0.14624
,,00311.668080,D2_23,15,0.1484
,,00311.723040,D2_21,26,0.5632
,,00312.014800,D2_23,6,0.16064
,,00311.502800,D2_34,43,0.92216
,,00312.408480,B5_12,26,0.18496
,,00312.420080,B5_13,5,0.158
,,00312.333680,B5_22,9,0.25952
,,00312.411440,D2_21,8,0.33032
,,00313.344800,D2_21,5,0.16672
,,00313.332080,D2_31,9,0.2448
,,00313.358240,D2_23,6,0.10056
,,00313.249200,D2_34,19,0.5048
,,00313.890400,D2_34,8,0.38696
,,00314.421120,B1_14,22,0.25592
,,00316.382400,B1_14,8,0.19192
,,00316.533920,B6_23,9,0.09704
,,00316.572080,B6_21,11,0.06848
,,00316.567520,B6_41,6,0.06752
,,00316.586320,B6_24,6,0.102
,,00317.181680,B6_23,6,0.2404
,,00317.874320,B3_22,6,0.09832
,,00318.505360,B5_12,22,0.27952
,,00318.632320,B5_44,11,0.10296
,,00318.532800,B5_22,11,0.2492
,,00319.990160,B6_23,5,0.12672
,,00320.290480,D2_21,5,0.21728
,,00322.045360,B5_22,5,0.104
,,00322.049440,B5_12,7,0.12248
,,00322.130800,B5_44,14,0.05872
,,00322.990960,B1_14,6,0.15488
,,00324.304960,D1_42,6,0.16976
,,00325.738720,C3_24,9,0.13128
,,00326.880880,C5_32,8,0.18952
,,00327.852400,B3_22,9,0.16024
,,00328.715360,B2_32,5,0.08728
,,00328.709040,A2_44,24,0.64248
,,00329.192960,B5_12,15,0.20128
,,00329.278400,B5_44,5,0.01336
,,00329.093440,B5_22,10,0.22264
,,00329.109440,A4_33,11,0.38024
,,00329.688960,D1_22,5,0.03664
,,00330.005280,B1_31,15,0.10552
,,00330.020000,B1_12,5,0.07064
,,00330.024400,B1_32,5,0.06744
,,00329.999680,B1_43,25,0.14048
,,00329.990160,B1_42,15,0.10792
,,00329.976000,A2_44,17,0.50328
,,00329.985520,B1_14,70,1.286
,,00334.697680,B3_22,27,0.33792
,,00334.846560,B3_44,5,0.08872
,,00334.794720,B3_42,14,0.2864
,,00334.897760,B5_12,16,0.1312
,,00334.959200,B5_44,8,0.07104
,,00335.181120,B3_22,7,0.09752
,,00335.588800,B3_22,7,0.18976
,,00336.281040,B3_22,6,0.05192
,,00337.242320,A2_44,8,0.2272
,,00337.733200,C1_11,5,0.12088
,,00337.784400,C1_23,6,0.0868
,,00338.271680,A1_41,7,0.08808
,,00338.607520,B3_22,14,0.19608
,,00338.614480,B3_32,5,0.13088
,,00340.040000,B3_22,9,0.23288
,,00340.669680,D3_24,7,0.2236
,,00340.804720,A2_44,13,0.09864
,,00340.679040,B5_12,13,0.24736
,,00341.831680,A6_24,8,0.32264
,,00342.460000,D3_24,11,0.21808
,,00342.794400,D3_24,8,0.2012
,,00344.478400,A2_44,11,0.128
,,00344.707760,B1_14,11,0.14624
,,00344.436160,C3_24,15,0.22752
,,00346.481280,A1_43,7,0.25304
,,00347.622800,B1_14,12,0.23064
,,00348.313200,B3_22,6,0.0548
,,00348.085200,D5_33,11,0.198
,,00348.052400,D5_34,11,0.26168
,,00348.035600,D5_43,17,0.22656
,,00348.024160,D5_41,13,0.14256
,,00348.797040,D2_21,7,0.23568
,,00350.009120,C3_14,5,0.04976
,,00349.929120,C3_24,11,0.14008
,,00350.029760,C3_43,6,0.03256
,,00350.515760,B3_22,14,0.15832
,,00352.452640,A6_14,5,0.16256
,,00353.245600,B5_42,5,0.08696
,,00353.261760,B5_12,18,0.20656
,,00353.334000,B5_44,5,0.0804
,,00353.250480,B5_22,8,0.1612
,,00353.980240,C3_24,10,0.08792
,,00354.003760,C3_43,5,0.054
,,00354.791360,A2_22,6,0.08032
,,00354.756480,A2_44,16,0.17632
,,00355.377120,B5_12,11,0.15192
,,00355.517120,B5_44,11,0.0548
,,00358.359920,B3_22,6,0.04624
,,00358.847440,D2_21,8,0.15576
,,00359.498880,B2_32,9,0.168
,,00360.243520,B5_22,7,0.10704
,,00360.240080,B5_12,12,0.19
,,00360.639120,B6_23,5,0.1368
,,00361.000880,B3_22,11,0.1124
,,00362.882320,B3_22,12,0.168
,,00363.644480,C3_24,12,0.06896
,,00365.446800,C3_24,7,0.10264
,,00365.405840,C3_43,9,0.1392
,,00367.747920,A1_43,6,0.09072
,,00367.738160,A1_44,5,0.23288
,,00367.819120,B5_12,7,0.13416
,,00371.046400,D2_31,6,0.07968
,,00371.168640,A1_43,9,0.2296
,,00371.052720,D2_23,14,0.1612
,,00371.109360,C3_24,8,0.06328
,,00371.166880,A1_44,6,0.30112
,,00371.110320,D2_21,13,0.32496
,,00371.028880,D2_34,31,0.81704
,,00372.227760,A2_22,5,0.06712
,,00372.132880,D2_34,10,0.3572
,,00371.972800,A2_44,20,0.48888
,,00372.311600,D2_21,19,0.40928
,,00372.563760,A2_44,41,0.9228
,,00373.384400,C5_32,6,0.21464
,,00373.829760,B3_22,26,0.22456
,,00373.947600,B3_44,5,0.09128
,,00373.954240,B3_42,11,0.23232
,,00374.221760,B3_22,6,0.26792
,,00374.589840,B3_22,5,0.12112
,,00374.914640,B3_22,5,0.07296
,,00374.860480,B5_12,5,0.08616
,,00375.018720,B6_23,8,0.18048
,,00376.219280,D1_22,5,0.0992
,,00376.016960,A4_33,6,0.14568
,,00377.017520,B5_44,6,0.05272
,,00376.919200,B5_22,15,0.18408
,,00376.905680,B5_12,21,0.26416
,,00377.869440,A1_43,5,0.1156
,,00377.948080,B3_22,18,0.21472
,,00378.478560,B5_12,13,0.28464
,,00378.583360,B5_42,5,0.12144
,,00379.697360,D2_21,6,0.16656
,,00380.128720,A2_44,11,0.26656
,,00380.116480,B3_22,8,0.2344
,,00380.934080,D1_22,5,0.0288
,,00380.974240,D1_42,7,0.0904
,,00380.728320,A3_34,24,0.66528
,,00381.869280,A1_41,15,0.12176
,,00381.874320,B6_23,9,0.05832
,,00381.836000,B6_24,5,0.20096
,,00381.896240,B6_21,10,0.16208
,,00381.917920,B3_22,16,0.29544
,,00382.550560,A1_41,5,0.09272
,,00382.516480,A1_43,7,0.22752
,,00383.165920,B5_12,13,0.13192
,,00383.168720,B5_42,6,0.02424
,,00383.225440,B5_44,9,0.03512
,,00383.170640,B5_22,5,0.0716
,,00382.982240,B6_23,7,0.21456
,,00383.417280,A1_44,6,0.17632
,,00383.480240,C3_43,7,0.03216
,,00383.243280,A1_43,17,0.58816
,,00383.980800,C3_24,9,0.0644
,,00383.958800,C3_43,6,0.03528
,,00383.987840,C3_22,5,0.26288
,,00384.299120,A1_44,5,0.24264
,,00384.354480,B2_32,10,0.24296
,,00384.744560,B3_22,7,0.0816
,,00384.938480,A1_43,5,0.1548
,,00384.936800,A1_44,5,0.23384
,,00385.285520,A6_24,8,0.15048
,,00385.883920,A1_44,5,0.23848
,,00386.044000,A1_12,6,0.17432
,,00386.204640,A1_43,9,0.26592
,,00386.820880,B3_22,9,0.18312
,,00388.084960,B6_23,7,0.14448
,,00388.454880,A2_44,10,0.14296
,,00388.727600,B3_22,7,0.14288
,,00390.514240,B3_22,11,0.17904
,,00392.377600,A1_43,8,0.10776
,,00392.376240,A1_44,5,0.16728
,,00392.832880,B5_12,26,0.28888
,,00392.838800,B5_22,11,0.28544
,,00393.852160,B3_22,9,0.12248
,,00394.112480,D1_22,8,0.15096
,,00395.150480,B6_23,9,0.31456
,,00396.155840,B3_22,11,0.24736
,,00396.946400,D1_22,5,0.04216
,,00396.950160,A1_43,6,0.17656
,,00396.895440,A1_44,5,0.19184
,,00399.160240,B2_34,5,0.1484
,,00399.144400,B2_32,9,0.1832
,,00400.376880,B4_23,7,0.12352
,,00400.327280,B4_43,15,0.16848
,,00400.406800,B4_44,5,0.06048
,,00400.296480,B4_31,24,0.71984
,,00401.736800,B2_34,5,0.15752
,,00401.571360,B2_32,7,0.15728
,,00401.586000,B5_12,16,0.25616
,,00401.580800,B5_13,6,0.26168
,,00401.736480,B5_44,6,0.0628
,,00401.606960,B5_22,12,0.2196
,,00403.711360,B2_11,7,0.1316
,,00403.678560,B2_32,5,0.1856
,,00404.689040,C3_24,6,0.09944
,,00404.644240,C3_43,5,0.0252
,,00405.451920,B5_13,5,0.1412
,,00405.630480,D1_22,6,0.06056
,,00405.717600,B3_22,6,0.16944
,,00405.571920,B5_23,8,0.25504
,,00405.450400,B5_22,15,0.28312
,,00405.522640,B5_11,10,0.516
,,00405.473280,B5_24,22,0.70368
,,00405.498880,B5_44,83,1.12312
,,00406.736000,B5_44,6,0.09912
,,00406.306320,B5_22,15,0.58736
,,00407.059680,A2_22,5,0.05144
,,00407.014800,A2_44,14,0.296
,,00405.430080,B5_12,133,1.75432
,,00407.566800,A2_44,5,0.07952
,,00407.605760,B5_22,7,0.2584
,,00408.122240,D2_31,7,0.126
,,00408.125520,D2_23,9,0.20088
,,00407.622080,B5_12,40,0.73728
,,00408.044160,B5_22,6,0.21504
,,00408.148720,D2_21,10,0.28368
,,00408.093760,D2_34,17,0.57224
,,00409.007520,B5_12,7,0.21616
,,00409.424800,B5_12,56,0.4124
,,00409.525120,B5_11,5,0.22336
,,00409.545840,B5_44,33,0.2916
,,00409.476240,B5_22,14,0.25088
,,00409.965680,D2_34,6,0.1288
,,00409.943040,D2_21,17,0.25784
,,00410.476880,B5_12,24,0.3972
,,00410.778240,B5_44,5,0.06504
,,00410.525200,B5_22,8,0.26616
,,00410.951440,B5_44,8,0.15464
,,00411.612400,D5_33,10,0.18544
,,00411.605040,D5_43,6,0.15896
,,00411.579440,D5_41,12,0.16992
,,00411.705520,B5_12,26,0.35464
,,00411.620080,B5_22,10,0.35584
,,00412.464480,D1_42,5,0.10416
,,00412.530080,A2_44,13,0.33632
,,00413.134960,C3_14,6,0.09408
,,00413.110080,C3_24,9,0.11896
,,00413.040000,A2_44,20,0.52808
,,00413.568080,C1_21,17,0.16392
,,00413.541680,C1_11,15,0.28944
,,00413.573120,C1_22,15,0.08848
,,00413.567520,C1_23,12,0.10488
,,00413.596400,C1_43,6,0.09088
,,00413.547520,C1_42,12,0.14232
,,00413.551840,B5_12,24,0.42192
,,00413.834400,B5_44,7,0.13016
,,00413.413520,B5_22,12,0.49952
,,00414.858080,C1_11,7,0.23616
,,00414.832400,B5_22,8,0.22688
,,00415.041680,B5_44,8,0.16088
,,00415.374720,B4_31,5,0.13168
,,00415.368560,B5_44,28,0.27464
,,00415.635760,C3_24,21,0.20672
,,00415.619200,C3_43,5,0.0804
,,00415.379360,B4_43,13,0.43192
,,00415.705520,B4_31,11,0.15704
,,00415.732560,B3_22,16,0.17976
,,00415.971360,B4_31,5,0.1752
,,00414.799360,B5_12,53,1.16896
,,00416.480640,B5_22,9,0.13168
,,00416.479600,B5_12,22,0.28896
,,00417.475440,B5_12,36,0.40216
,,00417.563280,B5_44,7,0.1376
,,00417.497040,B5_22,13,0.27144
,,00418.595120,C2_41,21,0.20184
,,00418.717680,B5_22,7,0.14536
,,00418.698800,B5_12,31,0.3192
,,00419.332880,A5_24,5,0.2376
,,00419.904640,C2_41,5,0.0864
,,00419.822560,B5_12,29,0.30088
,,00419.810240,B5_42,6,0.20304
,,00419.902080,B5_44,6,0.1068
,,00419.847680,B5_22,9,0.138
,,00420.363760,B6_23,7,0.11976
,,00420.390400,B6_21,9,0.20152
,,00421.044480,B5_44,9,0.07504
,,00420.978560,B5_12,28,0.26568
,,00420.978960,B5_22,14,0.24504
,,00422.060160,D2_21,5,0.1132
,,00422.364640,B5_12,31,0.28288
,,00422.384400,B5_22,7,0.10504
,,00422.468480,D5_33,14,0.15128
,,00422.567120,D5_34,5,0.06152
,,00422.395760,D5_43,7,0.19544
,,00422.527440,A1_43,5,0.25192
,,00422.414720,D5_41,13,0.27176
,,00423.276320,C3_14,5,0.04632
,,00423.257680,C3_24,9,0.04392
,,00423.991680,B5_44,7,0.07952
,,00423.912480,B5_22,9,0.10648
,,00424.252160,B3_22,7,0.04648
,,00423.908720,B5_12,30,0.3096
,,00424.399120,B3_22,7,0.15824
,,00425.515200,B5_12,30,0.3536
,,00425.605600,B5_44,5,0.07352
,,00425.549280,B5_22,10,0.20968
,,00426.332160,B3_22,10,0.0784
,,00429.549920,C3_24,5,0.05968
,,00430.030160,D2_21,7,0.1092
,,00429.895040,B3_22,11,0.2252
,,00432.619520,A1_41,9,0.15048
,,00433.119920,A1_41,5,0.20032
,,00433.177520,B6_23,5,0.17688
,,00433.257040,B3_22,19,0.25184
,,00433.165520,A1_43,14,0.62088
,,00433.423360,A1_44,8,0.36048
,,00433.962560,C1_11,5,0.1684
,,00434.049120,C1_42,7,0.10864
,,00434.258960,A1_43,12,0.35976
,,00434.257760,A1_44,10,0.37824
,,00434.393920,C5_32,6,0.19912
,,00435.111440,D1_42,12,0.39392
,,00436.709520,A1_43,8,0.232
,,00436.929120,C3_24,6,0.05368
,,00437.422560,D2_21,7,0.1452
,,00438.734160,A2_44,10,0.18952
,,00438.863200,C3_22,7,0.17664
,,00438.766560,C3_24,28,0.26072
,,00438.692000,C3_43,18,0.26248
,,00438.809920,C3_12,24,0.4504
,,00438.812240,C3_14,41,0.43992
,,00439.370640,C3_12,5,0.02968
,,00439.518400,C3_12,5,0.0304
,,00439.414720,C3_43,15,0.21304
,,00439.456960,C3_24,27,0.3904
,,00439.490640,C3_14,20,0.4096
,,00441.221360,C3_43,7,0.02872
,,00441.125200,B6_23,10,0.17432
,,00441.505520,C3_43,35,0.34
,,00441.621600,C3_14,59,0.42776
,,00441.556080,C3_24,42,0.54216
,,00441.561040,C3_12,84,1.02304
,,00442.388480,C3_24,12,0.22288
,,00442.358160,C3_43,18,0.35272
,,00442.934400,B6_23,6,0.1056
,,00445.212480,C3_43,9,0.09008
,,00447.952000,D1_22,5,0.1172
,,00448.341200,D2_21,5,0.07424
,,00448.282000,D2_23,11,0.18112
,,00448.432080,C3_43,5,0.01696
,,00448.245760,D2_34,22,0.7328
,,00448.805360,A4_33,14,0.46032
,,00449.388960,A4_41,5,0.21968
,,00450.007600,C3_22,6,0.22816
,,00451.947600,A1_43,5,0.14928
,,00451.940960,A1_44,5,0.15392
,,00452.428880,D1_11,5,0.08624
,,00452.435680,D1_22,7,0.0984
,,00452.372880,D2_21,5,0.09656
,,00452.034320,B1_14,8,0.63272
,,00452.804000,B3_22,5,0.03776
,,00454.943120,B3_22,16,0.20672
,,00454.947520,B3_32,5,0.16184
,,00454.940320,A3_34,5,0.16528
,,00455.372560,D3_41,5,0.11264
,,00455.525520,D2_21,8,0.13448
,,00455.673600,D3_24,5,0.0732
,,00455.467760,A6_24,10,0.23088
,,00455.859360,D3_24,14,0.392
,,00457.419440,D3_24,14,0.49944
,,00458.131440,D2_21,5,0.09
,,00458.382240,B5_44,5,0.0108
,,00458.295680,B5_12,8,0.10848
,,00458.298560,B5_22,6,0.144
,,00458.770640,A1_41,7,0.10144
,,00459.316960,B3_22,12,0.14816
,,00460.304880,A1_43,7,0.09208
,,00460.995760,B3_22,6,0.09088
,,00461.239120,B3_22,9,0.14104
,,00461.922000,D2_23,5,0.17144
,,00462.394480,C3_12,11,0.04672
,,00462.415600,C3_14,18,0.10024
,,00462.404880,C3_24,12,0.06832
,,00462.407040,C3_43,9,0.05048
,,00464.232000,B6_23,6,0.19672
,,00464.802960,A1_43,5,0.18824
,,00465.374080,A2_22,7,0.07104
,,00465.342240,A2_44,19,0.14632
,,00465.964880,A2_44,5,0.11656
,,00466.896560,A3_34,7,0.10696
,,00467.121360,D2_21,7,0.23472
,,00468.640800,A5_24,5,0.204
,,00472.803920,A1_43,8,0.23512
,,00472.796800,A6_14,5,0.17176
,,00475.870320,B5_13,5,0.24512
,,00476.002160,B5_42,6,0.09888
,,00476.029280,B5_11,7,0.16704
,,00475.848800,B5_22,17,0.3404
,,00476.183040,A1_43,7,0.23976
,,00476.007520,B5_24,24,0.52552
,,00476.025680,B5_44,40,0.47752
,,00476.940000,B5_22,9,0.44536
,,00477.213280,B5_11,5,0.26056
,,00477.445440,B3_42,21,0.59856
,,00475.870480,B5_12,167,2.23968
,,00477.609280,B5_44,45,0.53048
,,00477.428400,B3_22,74,1.15592
,,00478.695920,B3_22,9,0.18048
,,00478.998880,B3_22,6,0.22392
,,00479.378480,B3_22,43,0.76344
,,00479.918640,B3_42,8,0.21784
,,00480.387280,A2_22,5,0.04792
,,00480.210720,A2_44,16,0.28968
,,00480.708560,D2_21,7,0.15568
,,00480.651120,A2_44,6,0.25848
,,00480.344080,B3_22,46,1.1204
,,00481.916560,B3_22,21,0.7
,,00482.700240,D2_21,10,0.34
,,00482.761760,B3_22,7,0.21176
,,00483.497120,B3_22,9,0.35256
,,00484.135040,B6_23,10,0.32952
,,00485.592000,B3_22,11,0.26808
,,00485.877120,A2_44,5,0.07608
,,00486.201040,A1_43,5,0.22032
,,00487.118640,D2_21,5,0.12544
,,00487.174480,B3_22,7,0.36352
,,00488.494720,A2_44,6,0.15208
,,00488.506240,B3_32,5,0.138
,,00488.733920,A1_43,5,0.06504
,,00488.638880,B3_22,13,0.2608
,,00488.572560,B3_42,5,0.15544
,,00488.867520,A1_41,7,0.2152
,,00488.873360,A1_22,7,0.23168
,,00489.625520,B3_22,11,0.38744
,,00490.454160,C2_41,24,0.31696
,,00490.788640,B3_22,16,0.32344
,,00491.293280,C1_11,10,0.05088
,,00491.303600,C1_23,5,0.04568
,,00491.294240,C1_42,8,0.06536
,,00491.252800,A2_44,7,0.1396
,,00491.299280,C1_22,8,0.1764
,,00491.820400,B3_22,13,0.19416
,,00492.696560,C5_32,7,0.2984
,,00493.177440,B3_22,11,0.20496
,,00493.985760,B5_12,39,0.26592
,,00494.050240,B5_11,5,0.25464
,,00494.012880,B5_42,6,0.14848
,,00494.008240,B5_22,11,0.19216
,,00494.064800,B5_44,31,0.40648
,,00494.599920,B3_22,14,0.35824
,,00495.235520,D2_21,9,0.16384
,,00496.122560,B3_22,15,0.26584
,,00497.834880,B3_22,12,0.18784
,,00498.467760,B2_32,9,0.16864
,,00499.238240,A2_44,7,0.14208
,,00500.393200,A4_33,13,0.40152
,,00500.763840,B6_23,9,0.14576
,,00501.655920,C3_24,9,0.0344
,,00501.690560,C3_43,11,0.03664
,,00501.914400,C3_24,11,0.09944
,,00501.919760,A3_34,7,0.19512
,,00502.580000,A3_34,5,0.1392
,,00502.627920,A1_43,7,0.32568
,,00503.594960,B2_32,5,0.28176
,,00503.996240,B2_32,5,0.2684
,,00504.145920,D5_33,14,0.23736
,,00504.124720,D5_34,5,0.14152
,,00504.108560,D5_43,14,0.22808
,,00504.096960,D5_41,13,0.28952
,,00504.381680,B2_32,6,0.16104
,,00504.317360,C5_32,5,0.21976
,,00504.575680,B2_34,5,0.14376
,,00505.494880,D1_22,5,0.02624
,,00505.401440,B1_31,13,0.0812
,,00505.411600,B1_12,7,0.0592
,,00505.415280,B1_32,9,0.05184
,,00505.401360,B1_43,24,0.19376
,,00505.384320,B1_42,13,0.11048
,,00505.980800,B5_12,13,0.18392
,,00505.373040,B1_14,94,1.826
,,00508.098960,D2_21,9,0.25568
,,00508.073520,A3_34,7,0.13904
,,00509.340480,A1_43,6,0.2616
,,00509.520000,A1_22,8,0.26896
,,00509.857920,D1_42,10,0.312
,,00510.202080,B1_14,7,0.31904
,,00510.404160,B5_42,5,0.1676
,,00510.477040,B5_44,16,0.1272
,,00510.406160,B5_22,8,0.12104
,,00510.522160,C5_32,5,0.11112
,,00510.398640,B5_12,11,0.27104
,,00512.264400,B2_32,10,0.29776
,,00513.815120,B5_12,15,0.23224
,,00513.925360,B5_44,10,0.09456
,,00513.875520,B5_22,6,0.10592
,,00514.630640,B6_23,8,0.202
,,00515.473440,B2_32,6,0.14704
,,00516.589440,B1_14,5,0.20712
,,00517.460240,D2_21,8,0.18936
,,00517.603600,A3_34,6,0.14264
,,00518.146560,B2_34,6,0.19088
,,00517.914720,B2_32,11,0.44312
,,00518.867280,B6_23,5,0.11288
,,00518.867920,B6_21,8,0.1332
,,00518.979040,B5_12,13,0.29312
,,00519.151280,B5_44,18,0.1212
,,00518.981840,B5_22,6,0.18824
,,00519.593520,B6_23,19,0.21368
,,00519.654400,B6_14,8,0.28952
,,00519.641840,B6_24,18,0.34768
,,00519.605120,B6_21,13,0.33752
,,00519.996720,B6_23,22,0.6028
,,00520.656560,A1_41,8,0.09384
,,00520.616480,A1_43,6,0.21968
,,00520.925920,B6_23,20,0.58096
,,00521.119680,B6_24,13,0.51192
,,00522.793760,B1_43,10,0.09672
,,00522.701280,B1_14,34,0.34544
,,00523.072240,A2_44,13,0.22416
,,00523.455440,B5_12,6,0.03088
,,00523.000880,B6_23,14,0.44184
,,00523.916560,D2_23,15,0.30304
,,00523.980560,D2_21,32,0.75096
,,00524.620240,D2_23,6,0.0944
,,00523.984640,D2_34,49,1.05176
,,00525.071200,A3_34,8,0.11344
,,00525.652160,D2_21,6,0.16832
,,00525.647920,D2_34,13,0.39312
,,00526.172480,B2_32,7,0.18576
,,00526.197040,D2_34,7,0.22816
,,00526.211920,B5_12,13,0.40576
,,00526.556480,D2_34,9,0.5492
,,00527.193920,A1_43,5,0.16696
,,00526.981840,C3_43,5,0.23584
,,00529.313680,C1_42,8,0.07384
,,00529.268000,A1_43,9,0.11592
,,00529.153680,A2_44,5,0.07504
,,00529.307520,C3_14,5,0.06984
,,00529.282400,C3_24,11,0.11216
,,00529.323120,C1_21,13,0.12608
,,00529.321760,C1_11,14,0.1372
,,00529.313440,C1_22,14,0.14448
,,00529.314400,C1_23,10,0.12648
,,00529.338960,C1_43,6,0.10768
,,00529.251360,A1_44,5,0.18496
,,00529.357840,A2_44,13,0.1892
,,00531.194880,B1_14,8,0.18072
,,00531.610400,A4_33,16,0.434
,,00533.054320,C3_24,10,0.08608
,,00533.338160,B2_32,8,0.32208
,,00534.152080,A1_43,5,0.16384
,,00535.054800,A3_32,5,0.03776
,,00535.222800,D1_42,5,0.11928
,,00535.486400,D2_21,9,0.112
,,00535.666160,A5_24,5,0.10816
,,00534.907200,A3_34,36,1.03672
,,00536.196320,A1_43,8,0.26152
,,00537.424240,C3_24,7,0.03688
,,00537.959520,B3_22,5,0.03512
,,00539.131200,B2_32,5,0.20664
,,00539.608480,A2_44,12,0.15832
,,00540.452160,A1_41,15,0.09816
,,00540.381040,A1_43,7,0.10648
,,00541.668960,A1_43,9,0.15144
,,00541.419280,A1_44,6,0.36336
,,00543.020320,A3_34,7,0.08608
,,00543.949040,A2_44,5,0.06792
,,00544.969120,D5_43,8,0.12584
,,00545.247440,D1_22,5,0.07312
,,00544.977280,D5_33,14,0.24376
,,00544.921360,D5_41,18,0.3028
,,00545.249440,A3_34,12,0.18488
,,00547.456000,A1_43,10,0.1468
,,00547.442000,A1_44,5,0.15496
,,00548.306240,C1_11,6,0.08072
,,00548.314960,C1_23,8,0.05536
,,00548.306000,C1_42,7,0.06048
,,00548.234720,B3_22,7,0.11192
,,00548.299680,C1_22,11,0.15608
,,00548.537840,C3_12,17,0.0964
,,00548.552880,C3_43,13,0.08424
,,00548.550720,C3_13,5,0.09992
,,00548.587200,C3_22,7,0.092
,,00548.588960,C3_14,24,0.1532
,,00548.551360,C3_24,22,0.15856
,,00549.233680,C3_24,22,0.40864
,,00549.597440,C3_22,5,0.18376
,,00550.170480,A1_43,7,0.11272
,,00551.160640,C3_43,14,0.10848
,,00551.005360,B3_22,6,0.14864
,,00553.658160,A1_43,6,0.22392
,,00553.657520,A1_44,5,0.26416
,,00554.104880,C3_43,7,0.04656
,,00554.813360,A2_44,17,0.2152
,,00555.746880,A4_33,17,0.40312
,,00556.617200,A4_33,5,0.28264
,,00556.924400,A1_43,7,0.2528
,,00557.008880,B2_32,8,0.24344
,,00557.168800,A3_34,8,0.08968
,,00557.205920,A3_32,5,0.06128
,,00558.744240,A1_43,11,0.41256
,,00562.590240,A2_44,13,0.13608
,,00562.979280,C3_24,8,0.05848
,,00562.960800,C3_43,8,0.06872
,,00563.114640,D2_21,6,0.05768
,,00563.412000,A1_43,8,0.214
,,00563.410560,A1_44,6,0.26648
,,00565.594240,A1_43,5,0.14096
,,00565.470560,A1_44,6,0.27936
,,00566.203440,C3_24,7,0.11272
,,00566.186080,C3_43,6,0.0132
,,00567.086240,B3_22,16,0.18424
,,00567.311200,B5_22,7,0.08336
,,00567.322720,A1_43,9,0.16408
,,00567.321920,A1_44,5,0.1508
,,00567.317200,B5_12,6,0.11776
,,00567.298000,B5_13,5,0.16856
,,00567.336400,B5_44,11,0.08616
,,00568.627200,A2_44,6,0.1336
,,00568.942160,B6_23,8,0.11584
,,00572.027040,A1_43,5,0.11144
,,00572.022960,A1_44,5,0.1144
,,00572.056800,C3_24,6,0.05776
,,00572.624320,A2_44,14,0.1468
,,00573.718720,A2_44,9,0.10352
,,00574.076880,D1_42,11,0.27384
,,00575.028160,A1_43,5,0.04848
,,00574.932960,C3_12,5,0.05616
,,00574.948560,C3_14,12,0.14408
,,00574.936400,C3_24,15,0.15256
,,00574.920960,C3_43,8,0.15048
,,00575.122480,A1_41,7,0.11424
,,00575.143920,A1_22,8,0.14704
,,00576.688640,A1_43,8,0.25368
,,00576.589200,A1_44,7,0.35216
,,00576.906160,A5_24,6,0.2108
,,00577.062160,A3_34,10,0.09984
,,00578.631200,A2_44,9,0.12688
,,00578.875280,D2_21,10,0.18928
,,00578.779520,D2_34,5,0.19808
,,00579.010400,B2_32,12,0.2572
,,00580.155440,C3_24,8,0.07728
,,00582.007440,B4_23,5,0.07144
,,00581.956960,B4_43,14,0.18
,,00582.028400,B4_44,5,0.0552
,,00582.073520,B4_31,9,0.17544
,,00582.027440,C5_32,7,0.2272
,,00582.419680,B4_31,6,0.2212
,,00583.509840,C3_24,6,0.0648
,,00583.881840,B3_22,15,0.1044
,,00584.014080,A2_22,8,0.26584
,,00583.925280,A2_44,49,1.1152
,,00585.788320,D3_41,6,0.06392
,,00585.873600,A1_43,5,0.10608
,,00585.804960,D3_24,8,0.26712
,,00585.690800,A6_24,12,0.36832
,,00586.195120,D3_24,6,0.2728
,,00586.571120,D3_24,14,0.29728
,,00587.065360,A1_43,7,0.21536
,,00587.354000,A1_22,5,0.16856
,,00587.772080,C3_24,6,0.02264
,,00587.690960,B3_22,6,0.10008
,,00588.458320,B3_44,9,0.30024
,,00588.376800,B3_42,19,0.68328
,,00590.492000,D3_24,5,0.07344
,,00588.269680,B3_22,134,2.14416
,,00590.912480,B3_22,16,0.32136
,,00591.334320,B3_22,9,0.2704
,,00591.880960,B3_22,11,0.3576
,,00592.330480,B6_23,5,0.0648
,,00592.614720,A2_44,11,0.27192
,,00592.931040,C3_12,8,0.18512
,,00592.950720,C3_14,10,0.1612
,,00592.954720,C3_43,9,0.14392
,,00592.828400,B3_22,10,0.23944
,,00592.948720,C3_24,18,0.21192
,,00594.028320,B3_22,5,0.08232
,,00594.600000,A1_43,5,0.03232
,,00594.999280,A2_44,6,0.14704
,,00595.359360,D3_24,5,0.11416
,,00595.384560,B3_22,10,0.19128
,,00596.357760,A2_44,8,0.22264
,,00596.271280,B3_22,9,0.19632
,,00596.436160,A4_33,12,0.25632
,,00597.410080,A1_43,6,0.18872
,,00597.371360,B3_22,5,0.10176
,,00597.977520,A5_24,5,0.20712
,,00598.319520,B5_13,5,0.07224
,,00598.251280,B3_22,15,0.18792
,,00598.329280,B5_11,6,0.10376
,,00598.330720,B5_23,9,0.23904
,,00598.334960,B5_24,16,0.27344
,,00598.326560,B5_42,8,0.09496
,,00598.316960,B5_22,17,0.11088
,,00598.918160,B2_34,5,0.13184
,,00598.873920,B2_32,7,0.1612
,,00598.337600,B5_44,83,0.58248
,,00599.126800,B5_11,5,0.28816
,,00599.286080,B5_23,6,0.18384
,,00598.962400,B5_22,15,0.6216

Well Information
Well,A1,A2,A3,A4,A5,A6,B1,B2,B3,B4,B5,B6,C1,C2,C3,C4,C5,C6,D1,D2,D3,D4,D5,D6
Active,True,True,True,True,True,True,True,True,True,True,True,True,True,True,True,True,True,True,True,True,True,True,True,True
Well Coloring,#FFAF64,#FFAF64,#FFAF64,#00FF00,#00FF00,#00FF00,#FF96CA,#FF96CA,#FF96CA,#FFAF64,#FFAF64,#FFAF64,#FF9696,#FF9696,#FF9696,#FF00FF,#FF00FF,#FF00FF,#FF7474,#FF7474,#FF7474,#8F26FF,#8F26FF,#8F26FF
Control,False,False,False,False,False,False,False,False,False,True,True,True,False,False,False,False,False,False,False,False,False,False,False,False
Treatment,comtrol,comtrol,comtrol,PSD95 EGFP,PSD95 EGFP,PSD95 EGFP,control + DM,control + DM,control + DM,control ,control ,control ,AB 42 + DM,AB 42 + DM,AB 42 + DM,SEP GLUA1,SEP GLUA1,SEP GLUA1,AB 42 ,AB 42 ,AB 42 ,EGFP,EGFP,EGFP
Concentration,,,,5 UL,5 UL,5 UL,,,,,,,,,,5 Ul,5 Ul,5 Ul,,,,5 UL,5 UL,5 UL
Additional Information,control,control,control,,,,ofek,ofek,ofek,,,,Ofek,Ofek,Ofek,,,,Ofek,Ofek,Ofek,,,
